,count,mean,std,min,25%,50%,75%,max
Age,10000.0,33.6923,9.205307951363997,18.0,26.0,34.0,42.0,49.0
Menstrual_Irregularity,10000.0,0.6975,0.45936352868416586,0.0,0.0,1.0,1.0,1.0
Chronic_Pain_Level,10000.0,5.030618647371141,1.9839553486873491,0.0,3.6716969955761387,5.035825216498645,6.396854092608045,10.0
Hormone_Level_Abnormality,10000.0,0.5911,0.4916553289615109,0.0,0.0,1.0,1.0,1.0
Infertility,10000.0,0.2983,0.4575347460077279,0.0,0.0,0.0,1.0,1.0
BMI,10000.0,23.052865422253397,3.8916145061576217,15.0,20.329326807803028,23.03631456090116,25.712923123453702,37.146126619493465
Diagnosis,10000.0,0.4079,0.49146896562696446,0.0,0.0,0.0,1.0,1.0
